<beans xmlns="http://www.springframework.org/schema/beans"
	xmlns:xsi="http://www.w3.org/2001/XMLSchema-instance" xmlns:context="http://www.springframework.org/schema/context"
	xsi:schemaLocation="http://www.springframework.org/schema/beans
     http://www.springframework.org/schema/beans/spring-beans-4.0.xsd
     http://www.springframework.org/schema/context
     http://www.springframework.org/schema/context/spring-context-4.0.xsd">
	
	<bean id="sbu" class="com.cg.dto.Sbu">
	<property name="sbuCode" value="1001"></property>
	<property name="sbuName" value="Product Engineering Services"></property>
	<property name="sbuHead" value="Kiran Rao"></property>
	
	<property name="emp">
	<list>
	<ref bean="one"/>
	<ref bean="two"/>
	</list>
	</property>
	</bean>	 
	
	<bean id="one" class="com.cg.dto.Employee">
	<property name="empId" value="12345"></property>
	 <property name="empName" value="Harriet"></property>
	 <property name="empSal" value="40000.0"></property>
	 </bean>
	
	<bean id="two" class="com.cg.dto.Employee">
	<property name="empId" value="142763"></property>
	 <property name="empName" value="Poorwa"></property>
	 <property name="empSal" value="60000.0"></property>
	</bean>
	
	 
</beans>